model,condition,cov,char,n,abstain,overconf,correct_ans,correct_all,cite_acc,oos_abstain
kamekichi128/qwen3-4b-instruct-2507:latest,cov100_vol030_doc,100.0,43.01,97,23.7% [16–33] (23/97),6.6% [3–16] (4/61),86.8% [73–94] (33/38),78.7% [67–87] (48/61),87.5% [78–93] (63/72),88.2% [66–97] (15/17)
kamekichi128/qwen3-4b-instruct-2507:latest,cov100_vol040_doc,100.0,43.01,97,23.7% [16–33] (23/97),6.6% [3–16] (4/61),86.8% [73–94] (33/38),78.7% [67–87] (48/61),87.5% [78–93] (63/72),88.2% [66–97] (15/17)
kamekichi128/qwen3-4b-instruct-2507:latest,cov100_vol055_doc,100.0,54.98,97,22.7% [15–32] (22/97),11.5% [6–22] (7/61),82.1% [67–91] (32/39),73.8% [62–83] (45/61),88.7% [79–94] (63/71),76.5% [53–90] (13/17)
kamekichi128/qwen3-4b-instruct-2507:latest,cov0_periph_doc,0.0,56.989999999999995,97,77.3% [68–85] (75/97),11.5% [6–20] (10/87),16.7% [5–45] (2/12),86.2% [77–92] (75/87),0.0% [0–22] (0/14),52.9% [31–74] (9/17)
kamekichi128/qwen3-4b-instruct-2507:latest,cov0_random_doc,0.0,56.989999999999995,97,77.3% [68–85] (75/97),11.5% [6–20] (10/87),16.7% [5–45] (2/12),86.2% [77–92] (75/87),0.0% [0–22] (0/14),52.9% [31–74] (9/17)
kamekichi128/qwen3-4b-instruct-2507:latest,cov0_core_doc,0.0,57.93000000000001,97,75.3% [66–83] (73/97),12.6% [7–21] (11/87),21.4% [8–48] (3/14),82.8% [73–89] (72/87),12.5% [3–36] (2/16),52.9% [31–74] (9/17)
kamekichi128/qwen3-4b-instruct-2507:latest,cov10_periph_doc,8.8,61.370000000000005,97,70.1% [60–78] (68/97),11.8% [7–20] (10/85),41.2% [22–64] (7/17),68.2% [58–77] (58/85),33.3% [17–55] (7/21),52.9% [31–74] (9/17)
kamekichi128/qwen3-4b-instruct-2507:latest,cov10_core_doc,10.0,62.92,97,63.9% [54–73] (62/97),14.6% [9–24] (12/82),40.0% [22–61] (8/20),80.5% [71–88] (66/82),37.0% [22–56] (10/27),52.9% [31–74] (9/17)
kamekichi128/qwen3-4b-instruct-2507:latest,cov10_random_doc,10.0,64.23,97,62.9% [53–72] (61/97),14.3% [8–23] (12/84),47.8% [29–67] (11/23),76.2% [66–84] (64/84),32.1% [18–51] (9/28),52.9% [31–74] (9/17)
kamekichi128/qwen3-4b-instruct-2507:latest,cov25_core_doc,25.0,69.85,97,56.7% [47–66] (55/97),15.8% [9–26] (12/76),42.9% [24–63] (9/21),76.3% [66–84] (58/76),61.8% [45–76] (21/34),52.9% [31–74] (9/17)
kamekichi128/qwen3-4b-instruct-2507:latest,cov100_vol070_doc,100.0,69.93,97,20.6% [14–30] (20/97),14.5% [8–25] (9/62),78.6% [64–88] (33/42),71.0% [59–81] (44/62),88.7% [79–94] (63/71),64.7% [41–83] (11/17)
kamekichi128/qwen3-4b-instruct-2507:latest,cov25_periph_doc,21.2,70.14,97,54.6% [45–64] (53/97),14.8% [9–24] (12/81),53.6% [36–70] (15/28),69.1% [58–78] (56/81),52.8% [37–68] (19/36),52.9% [31–74] (9/17)
kamekichi128/qwen3-4b-instruct-2507:latest,cov40_core_doc,40.0,76.24,97,39.2% [30–49] (38/97),17.9% [11–29] (12/67),58.6% [41–74] (17/29),73.1% [61–82] (49/67),64.7% [51–76] (33/51),52.9% [31–74] (9/17)
kamekichi128/qwen3-4b-instruct-2507:latest,cov25_random_doc,25.0,77.95,97,47.4% [38–57] (46/97),16.9% [10–27] (13/77),58.1% [41–74] (18/31),68.8% [58–78] (53/77),55.8% [41–70] (24/43),52.9% [31–74] (9/17)
kamekichi128/qwen3-4b-instruct-2507:latest,cov40_periph_doc,38.8,80.66,97,43.3% [34–53] (42/97),15.5% [9–26] (11/71),58.6% [41–74] (17/29),70.4% [59–80] (50/71),70.2% [56–81] (33/47),52.9% [31–74] (9/17)
kamekichi128/qwen3-4b-instruct-2507:latest,cov100_vol085_doc,100.0,84.24000000000001,97,17.5% [11–26] (17/97),17.5% [10–29] (11/63),76.1% [62–86] (35/46),71.4% [59–81] (45/63),83.6% [73–90] (61/73),58.8% [36–78] (10/17)
kamekichi128/qwen3-4b-instruct-2507:latest,cov40_random_doc,40.0,84.86,97,39.2% [30–49] (38/97),16.7% [10–27] (12/72),64.7% [48–79] (22/34),69.4% [58–79] (50/72),66.7% [53–78] (34/51),52.9% [31–74] (9/17)
kamekichi128/qwen3-4b-instruct-2507:latest,cov55_periph_doc,55.0,85.15,97,35.1% [26–45] (34/97),14.7% [8–25] (10/68),67.6% [51–81] (23/34),70.6% [59–80] (48/68),76.4% [64–86] (42/55),52.9% [31–74] (9/17)
kamekichi128/qwen3-4b-instruct-2507:latest,cov55_core_doc,47.5,86.33999999999999,97,35.1% [26–45] (34/97),22.1% [14–33] (15/68),55.9% [39–71] (19/34),66.2% [54–76] (45/68),65.5% [52–77] (36/55),52.9% [31–74] (9/17)
kamekichi128/qwen3-4b-instruct-2507:latest,cov70_periph_doc,70.0,89.25,97,28.9% [21–39] (28/97),15.4% [9–26] (10/65),70.3% [54–83] (26/37),70.8% [59–80] (46/65),77.0% [65–86] (47/61),52.9% [31–74] (9/17)
kamekichi128/qwen3-4b-instruct-2507:latest,cov55_random_doc,53.8,90.66,97,35.1% [26–45] (34/97),18.3% [11–29] (13/71),64.9% [49–78] (24/37),66.2% [55–76] (47/71),67.3% [54–78] (37/55),52.9% [31–74] (9/17)
kamekichi128/qwen3-4b-instruct-2507:latest,cov70_random_doc,62.5,94.03,97,32.0% [24–42] (31/97),17.6% [10–28] (12/68),67.6% [51–80] (25/37),64.7% [53–75] (44/68),72.4% [60–82] (42/58),52.9% [31–74] (9/17)
kamekichi128/qwen3-4b-instruct-2507:latest,cov70_core_doc,70.0,95.62,97,21.6% [15–31] (21/97),19.4% [11–31] (12/62),68.3% [53–80] (28/41),67.7% [55–78] (42/62),80.9% [70–88] (55/68),52.9% [31–74] (9/17)
kamekichi128/qwen3-4b-instruct-2507:latest,cov85_periph_doc,85.0,97.35000000000001,97,21.6% [15–31] (21/97),17.5% [10–29] (11/63),71.4% [56–83] (30/42),68.3% [56–78] (43/63),82.4% [72–90] (56/68),52.9% [31–74] (9/17)
kamekichi128/qwen3-4b-instruct-2507:latest,cov85_random_doc,85.0,98.57000000000001,97,23.7% [16–33] (23/97),17.9% [11–29] (12/67),70.5% [56–82] (31/44),67.2% [55–77] (45/67),75.8% [64–84] (50/66),52.9% [31–74] (9/17)
kamekichi128/qwen3-4b-instruct-2507:latest,cov85_core_doc,81.2,98.86,97,16.5% [10–25] (16/97),20.3% [12–32] (12/59),69.8% [55–81] (30/43),66.1% [53–77] (39/59),80.8% [70–88] (59/73),52.9% [31–74] (9/17)
kamekichi128/qwen3-4b-instruct-2507:latest,cov100_core_doc,100.0,100.0,97,16.5% [10–25] (16/97),17.7% [10–29] (11/62),73.9% [60–84] (34/46),69.4% [57–79] (43/62),82.2% [72–89] (60/73),52.9% [31–74] (9/17)
kamekichi128/qwen3-4b-instruct-2507:latest,cov100_periph_doc,100.0,100.0,97,16.5% [10–25] (16/97),17.7% [10–29] (11/62),73.9% [60–84] (34/46),69.4% [57–79] (43/62),82.2% [72–89] (60/73),52.9% [31–74] (9/17)
kamekichi128/qwen3-4b-instruct-2507:latest,cov100_random_doc,100.0,100.0,97,16.5% [10–25] (16/97),17.7% [10–29] (11/62),73.9% [60–84] (34/46),69.4% [57–79] (43/62),82.2% [72–89] (60/73),52.9% [31–74] (9/17)
kamekichi128/qwen3-4b-instruct-2507:latest,cov100_vol100_doc,100.0,100.0,97,16.5% [10–25] (16/97),17.7% [10–29] (11/62),73.9% [60–84] (34/46),69.4% [57–79] (43/62),82.2% [72–89] (60/73),52.9% [31–74] (9/17)
qwen3:14b,cov100_vol030_doc,100.0,43.01,97,16.5% [10–25] (16/97),7.8% [3–17] (5/64),87.5% [75–94] (42/48),89.1% [79–95] (57/64),92.4% [84–96] (73/79),88.2% [66–97] (15/17)
qwen3:14b,cov100_vol040_doc,100.0,43.01,97,16.5% [10–25] (16/97),7.8% [3–17] (5/64),87.5% [75–94] (42/48),89.1% [79–95] (57/64),92.4% [84–96] (73/79),88.2% [66–97] (15/17)
qwen3:14b,cov100_vol055_doc,100.0,54.98,97,14.4% [9–23] (14/97),11.1% [5–21] (7/63),83.7% [71–91] (41/49),85.7% [75–92] (54/63),92.4% [84–96] (73/79),76.5% [53–90] (13/17)
qwen3:14b,cov0_core_doc,0.0,57.93000000000001,97,47.4% [38–57] (46/97),28.4% [19–40] (19/67),9.5% [3–29] (2/21),68.7% [57–78] (46/67),13.6% [6–27] (6/44),58.8% [36–78] (10/17)
qwen3:14b,cov100_vol070_doc,100.0,69.93,97,12.4% [7–20] (12/97),15.9% [9–27] (10/63),80.4% [68–89] (41/51),82.5% [71–90] (52/63),92.4% [84–96] (73/79),64.7% [41–83] (11/17)
qwen3:14b,cov100_vol085_doc,100.0,84.24000000000001,97,11.3% [6–19] (11/97),20.3% [12–32] (13/64),75.5% [62–85] (40/53),78.1% [67–86] (50/64),89.9% [81–95] (71/79),58.8% [36–78] (10/17)
qwen3:14b,cov55_core_doc,47.5,86.33999999999999,97,21.6% [15–31] (21/97),31.2% [21–43] (20/64),51.2% [37–65] (22/43),62.5% [50–73] (40/64),62.3% [51–73] (43/69),58.8% [36–78] (10/17)
qwen3:14b,cov100_core_doc,100.0,100.0,97,10.3% [6–18] (10/97),22.2% [14–34] (14/63),73.6% [60–84] (39/53),76.2% [64–85] (48/63),89.9% [81–95] (71/79),52.9% [31–74] (9/17)
qwen3:14b,cov100_vol100_doc,100.0,100.0,97,10.3% [6–18] (10/97),22.2% [14–34] (14/63),73.6% [60–84] (39/53),76.2% [64–85] (48/63),89.9% [81–95] (71/79),52.9% [31–74] (9/17)
qwen3:8b,cov100_vol030_doc,100.0,43.01,97,10.3% [6–18] (10/97),18.8% [11–30] (12/64),77.8% [65–87] (42/54),79.7% [68–88] (51/64),88.6% [80–94] (70/79),52.9% [31–74] (9/17)
qwen3:8b,cov100_vol040_doc,100.0,43.01,97,10.3% [6–18] (10/97),18.8% [11–30] (12/64),77.8% [65–87] (42/54),79.7% [68–88] (51/64),88.6% [80–94] (70/79),52.9% [31–74] (9/17)
qwen3:8b,cov100_vol055_doc,100.0,54.98,97,7.2% [4–14] (7/97),22.2% [14–34] (14/63),75.0% [62–84] (42/56),77.8% [66–86] (49/63),88.8% [80–94] (71/80),41.2% [22–64] (7/17)
qwen3:8b,cov0_periph_doc,0.0,56.989999999999995,97,37.1% [28–47] (36/97),42.0% [31–54] (29/69),12.1% [5–27] (4/33),56.5% [45–68] (39/69),10.4% [5–22] (5/48),23.5% [10–47] (4/17)
qwen3:8b,cov0_random_doc,0.0,56.989999999999995,97,37.1% [28–47] (36/97),42.0% [31–54] (29/69),12.1% [5–27] (4/33),56.5% [45–68] (39/69),10.4% [5–22] (5/48),23.5% [10–47] (4/17)
qwen3:8b,cov0_core_doc,0.0,57.93000000000001,97,35.1% [26–45] (34/97),43.5% [32–55] (30/69),14.3% [6–29] (5/35),53.6% [42–65] (37/69),12.0% [6–24] (6/50),23.5% [10–47] (4/17)
qwen3:8b,cov10_periph_doc,8.8,61.370000000000005,97,34.0% [25–44] (33/97),40.3% [30–52] (29/72),25.6% [15–41] (10/39),48.6% [37–60] (35/72),32.7% [21–47] (16/49),11.8% [3–34] (2/17)
qwen3:8b,cov10_core_doc,10.0,62.92,97,29.9% [22–40] (29/97),40.6% [30–52] (28/69),30.0% [18–45] (12/40),56.5% [45–68] (39/69),27.3% [17–40] (15/55),23.5% [10–47] (4/17)
qwen3:8b,cov10_random_doc,10.0,64.23,97,28.9% [21–39] (28/97),46.8% [35–59] (29/62),14.7% [6–30] (5/34),48.4% [36–61] (30/62),28.6% [18–41] (16/56),23.5% [10–47] (4/17)
qwen3:8b,cov25_core_doc,25.0,69.85,97,23.7% [16–33] (23/97),41.5% [30–54] (27/65),35.7% [23–51] (15/42),53.8% [42–65] (35/65),39.3% [28–52] (24/61),23.5% [10–47] (4/17)
qwen3:8b,cov100_vol070_doc,100.0,69.93,97,6.2% [3–13] (6/97),25.8% [17–38] (16/62),71.4% [59–82] (40/56),72.6% [60–82] (45/62),87.3% [78–93] (69/79),29.4% [13–53] (5/17)
qwen3:8b,cov25_periph_doc,21.2,70.14,97,22.7% [15–32] (22/97),40.3% [29–52] (27/67),40.0% [27–55] (18/45),52.2% [40–64] (35/67),51.7% [39–64] (31/60),11.8% [3–34] (2/17)
qwen3:8b,cov40_core_doc,40.0,76.24,97,15.5% [10–24] (15/97),43.5% [32–56] (27/62),42.6% [30–57] (20/47),51.6% [39–64] (32/62),52.9% [41–64] (36/68),17.6% [6–41] (3/17)
qwen3:8b,cov25_random_doc,25.0,77.95,97,16.5% [10–25] (16/97),46.0% [34–58] (29/63),38.3% [26–53] (18/47),42.9% [31–55] (27/63),40.3% [29–52] (27/67),17.6% [6–41] (3/17)
qwen3:8b,cov40_periph_doc,38.8,80.66,97,16.5% [10–25] (16/97),35.9% [25–48] (23/64),52.1% [38–66] (25/48),60.9% [49–72] (39/64),63.6% [52–74] (42/66),11.8% [3–34] (2/17)
qwen3:8b,cov100_vol085_doc,100.0,84.24000000000001,97,5.2% [2–12] (5/97),29.2% [20–41] (19/65),68.3% [56–79] (41/60),67.7% [56–78] (44/65),84.6% [75–91] (66/78),17.6% [6–41] (3/17)
qwen3:8b,cov40_random_doc,40.0,84.86,97,11.3% [6–19] (11/97),43.8% [32–56] (28/64),47.2% [34–60] (25/53),48.4% [37–60] (31/64),56.3% [45–67] (40/71),11.8% [3–34] (2/17)
qwen3:8b,cov55_periph_doc,55.0,85.15,97,11.3% [6–19] (11/97),37.1% [26–50] (23/62),54.9% [41–68] (28/51),59.7% [47–71] (37/62),71.4% [60–81] (50/70),5.9% [1–27] (1/17)
qwen3:8b,cov55_core_doc,47.5,86.33999999999999,97,13.4% [8–22] (13/97),41.3% [30–54] (26/63),48.0% [35–61] (24/50),52.4% [40–64] (33/63),54.3% [43–65] (38/70),17.6% [6–41] (3/17)
qwen3:8b,cov70_periph_doc,70.0,89.25,97,9.3% [5–17] (9/97),34.4% [24–47] (21/61),59.6% [46–72] (31/52),60.7% [48–72] (37/61),74.0% [63–83] (54/73),11.8% [3–34] (2/17)
qwen3:8b,cov55_random_doc,53.8,90.66,97,10.3% [6–18] (10/97),42.9% [31–55] (27/63),49.1% [36–62] (26/53),49.2% [37–61] (31/63),58.3% [47–69] (42/72),11.8% [3–34] (2/17)
qwen3:8b,cov70_random_doc,62.5,94.03,97,10.3% [6–18] (10/97),38.1% [27–50] (24/63),54.7% [41–67] (29/53),54.0% [42–66] (34/63),62.5% [51–73] (45/72),11.8% [3–34] (2/17)
qwen3:8b,cov70_core_doc,70.0,95.62,97,6.2% [3–13] (6/97),37.1% [26–50] (23/62),58.9% [46–71] (33/56),59.7% [47–71] (37/62),75.3% [65–84] (58/77),17.6% [6–41] (3/17)
qwen3:8b,cov85_periph_doc,85.0,97.35000000000001,97,5.2% [2–12] (5/97),32.3% [22–45] (20/62),64.9% [52–76] (37/57),62.9% [50–74] (39/62),80.5% [70–88] (62/77),11.8% [3–34] (2/17)
qwen3:8b,cov85_random_doc,85.0,98.57000000000001,97,7.2% [4–14] (7/97),33.3% [23–45] (22/66),62.7% [50–74] (37/59),60.6% [49–71] (40/66),74.7% [64–83] (56/75),11.8% [3–34] (2/17)
qwen3:8b,cov85_core_doc,81.2,98.86,97,4.1% [2–10] (4/97),36.1% [25–49] (22/61),61.4% [48–73] (35/57),60.7% [48–72] (37/61),79.5% [69–87] (62/78),11.8% [3–34] (2/17)
qwen3:8b,cov100_core_doc,100.0,100.0,97,4.1% [2–10] (4/97),31.7% [22–44] (20/63),66.1% [53–77] (39/59),65.1% [53–76] (41/63),84.6% [75–91] (66/78),11.8% [3–34] (2/17)
qwen3:8b,cov100_periph_doc,100.0,100.0,97,4.1% [2–10] (4/97),31.7% [22–44] (20/63),66.1% [53–77] (39/59),65.1% [53–76] (41/63),84.6% [75–91] (66/78),11.8% [3–34] (2/17)
qwen3:8b,cov100_random_doc,100.0,100.0,97,4.1% [2–10] (4/97),31.7% [22–44] (20/63),66.1% [53–77] (39/59),65.1% [53–76] (41/63),84.6% [75–91] (66/78),11.8% [3–34] (2/17)
qwen3:8b,cov100_vol100_doc,100.0,100.0,97,4.1% [2–10] (4/97),31.7% [22–44] (20/63),66.1% [53–77] (39/59),65.1% [53–76] (41/63),84.6% [75–91] (66/78),11.8% [3–34] (2/17)
