doc_id,source,tier,doc_type,doc_name,issue_no,effective_date,n_units,n_chars
013774,law,T1_법률,법률,국가연구개발혁신법,21421,20260611,332,25030
013716,law,T1_법률,법률,국방과학기술혁신 촉진법,19948,20240710,132,11215
000943,law,T1_법률,법률,국방과학연구소법,20186,20240206,98,7021
000936,law,T1_법률,법률,군수품관리법,21065,20260102,99,9479
010956,law,T1_법률,법률,군용항공기 비행안전성 인증에 관한 법률,20016,20240717,98,7703
001467,law,T1_법률,법률,대외무역법,21065,20260102,442,44681
000759,law,T1_법률,법률,민ㆍ군기술협력사업 촉진법,20727,20260201,175,17857
010107,law,T1_법률,법률,방위사업법,21242,20260701,585,51954
013668,law,T1_법률,법률,방위산업 발전 및 지원에 관한 법률,21065,20251001,257,17887
012437,law,T1_법률,법률,방위산업기술 보호법,21065,20251001,203,13131
013933,law,T2_대통령령,대통령령,국가연구개발혁신법 시행령,36291,20260611,661,49209
014049,law,T2_대통령령,대통령령,국방과학기술혁신 촉진법 시행령,36453,20260701,215,15595
002850,law,T2_대통령령,대통령령,국방과학연구소법 시행령,35947,20260102,75,5937
003000,law,T2_대통령령,대통령령,군수품관리법 시행령,35947,20260102,297,22137
003313,law,T2_대통령령,대통령령,대외무역법 시행령,36181,20260317,713,65366
010126,law,T2_대통령령,대통령령,방위사업법 시행령,36454,20260701,1037,82132
014002,law,T2_대통령령,대통령령,방위산업 발전 및 지원에 관한 법률 시행령,36331,20260519,376,22266
012592,law,T2_대통령령,대통령령,방위산업기술 보호법 시행령,35543,20250604,180,11382
014050,law,T3_부령,국방부령,국방과학기술혁신 촉진법 시행규칙,01049,20210401,68,5157
007199,law,T3_부령,국방부령,방산원가대상물자의 원가계산에 관한 규칙,01202,20260130,246,22131
012527,law,T3_부령,국방부령,방위사업감독관 직무 등에 관한 규칙,00994,20190917,48,3358
010194,law,T3_부령,국방부령,방위사업법 시행규칙,01214,20260701,381,32009
007203,law,T3_부령,국방부령,방위산업에 관한 계약사무 처리규칙,01200,20260102,153,12418
007204,law,T3_부령,국방부령,방위산업에 관한 착수금 및 중도금 지급규칙,01213,20260515,111,12906
2100000171270,admrul,T4_행정규칙,훈령,(방위사업청) 공무원 징계규정,462,20181128,49,15616
2100000264344,admrul,T4_행정규칙,훈령,(방위사업청) 공무직 및 기간제 근로자 관리규정,921,20250915,404,86332
2100000267644,admrul,T4_행정규칙,훈령,(방위사업청) 공익신고 처리 및 신고자 보호 등에 관한 규정,927,20251110,209,59222
2100000171249,admrul,T4_행정규칙,훈령,(방위사업청) 멘토링 운영규정,458,20181128,31,3373
2100000265078,admrul,T4_행정규칙,예규,(방위사업청) 물품 적격심사 기준,1005,20250929,114,62931
2100000245608,admrul,T4_행정규칙,훈령,(방위사업청) 민·군기술협력사업 공동시행규정,865,20240806,751,314634
2100000257950,admrul,T4_행정규칙,훈령,(방위사업청) 민원 처리 규정,917,20250416,159,47730
2100000182443,admrul,T4_행정규칙,훈령,(방위사업청) 보수조정심의위원회 운영규정,548,20190918,25,2101
2100000171276,admrul,T4_행정규칙,훈령,(방위사업청) 보직관리규정,465,20181128,27,10255
2100000236046,admrul,T4_행정규칙,예규,(방위사업청) 성희롱·성폭력 예방 및 2차 피해 방지 지침,902,20240201,164,44569
2100000196823,admrul,T4_행정규칙,훈령,(방위사업청) 소형무장헬기·소형민수헬기 연계개발사업 공동규정,655,20210101,163,15663
2100000257908,admrul,T4_행정규칙,훈령,(방위사업청) 자체감사에 관한 규정,908,20250416,447,85990
2100000257914,admrul,T4_행정규칙,훈령,(방위사업청) 자체평가위원회 운영 규정,912,20250416,68,9236
2100000274582,admrul,T4_행정규칙,훈령,(방위사업청) 적극행정공무원의 징계절차에서의 소명 또는 소송 등에 관한 지원 지침,954,20260210,76,19335
2100000228820,admrul,T4_행정규칙,훈령,(방위사업청) 적극행정위원회 운영규정,815,20230901,108,45578
2100000239696,admrul,T4_행정규칙,훈령,(방위사업청) 정보화 업무 처리 규정,842,20240424,479,72787
2100000257910,admrul,T4_행정규칙,훈령,(방위사업청) 정책연구관리 규정,909,20250416,219,58891
2100000277168,admrul,T4_행정규칙,훈령,(방위사업청) 조약 및 기관간 약정의 체결과 관리에 관한 규정,963,20260408,75,11336
2100000265094,admrul,T4_행정규칙,예규,(방위사업청) 중소기업자간 경쟁제품 중 물품의 구매에 관한 계약이행능력심사 세부기준,1008,20250929,115,62620
2100000243736,admrul,T4_행정규칙,훈령,(방위사업청) 청원경찰 근무 훈령,861,20240701,82,8197
2100000206387,admrul,T4_행정규칙,훈령,(방위사업청) 청원경찰 징계 규정,700,20211123,54,10977
2100000250590,admrul,T4_행정규칙,훈령,(방위사업청) 표창규정,880,20250101,87,22356
2100000182490,admrul,T4_행정규칙,훈령,(방위사업청) 행정서비스 헌장 운영 규정,527,20190918,32,5314
2100000257944,admrul,T4_행정규칙,훈령,(방위사업청) 행정정보 공개 규정,913,20250416,169,72567
2100000196824,admrul,T4_행정규칙,훈령,BSC 성과평가 운영규정,656,20210101,64,8145
2100000238974,admrul,T4_행정규칙,고시,DQ마크 인증제도 운영에 관한 고시,2024-4,20240408,125,37653
2100000256314,admrul,T4_행정규칙,고시,K-방산수출펀드 운영규정,2025-1,20250311,188,59782
2100000282652,admrul,T4_행정규칙,예규,계약변경업무 처리지침,1069,20260716,85,18376
2100000237576,admrul,T4_행정규칙,훈령,공무국외출장 및 사적 국외여행 관리규정,838,20240314,132,55834
2100000242140,admrul,T4_행정규칙,예규,과학적사업관리 수행지침,931,20240603,362,68495
2100000257972,admrul,T4_행정규칙,고시,국가를 당사자로 하는 계약에 관한 법률 시행령 제39조제1항 단서의 규정에 의한 정보처리장치의 지정에 관한 고시,2025-2,20250416,9,639
2100000273174,admrul,T4_행정규칙,훈령,국방 양자암호통신·복합센서 기술개발 사업 운영관리 규정,943,20260116,88,13588
2100000239714,admrul,T4_행정규칙,고시,국방 연구개발 사업 중소기업자 우선선정 품목지정 제도 운영에 관한 고시,2024-5,20240424,158,39633
2100000274638,admrul,T4_행정규칙,고시,국방과학 기술료 산정ㆍ징수방법 및 징수절차 등에 관한 고시,2026-4,20260210,75,24147
2100000274664,admrul,T4_행정규칙,예규,국방과학기술 정보관리 업무지침,1044,20260210,225,192665
2100000274666,admrul,T4_행정규칙,예규,국방기술 연구개발 업무처리지침,1045,20260210,677,99396
2100000275644,admrul,T4_행정규칙,훈령,국방기술품질원장·국방기술진흥연구소장 추천위원회 운영규정,959,20260310,52,4644
2100000254594,admrul,T4_행정규칙,예규,국방반도체 핵심기술 연구개발 업무처리지침,971,20250210,99,10562
2100000274594,admrul,T4_행정규칙,훈령,국방연구개발 시설·장비의 관리 등에 관한 규정,945,20260210,106,66686
2100000206396,admrul,T4_행정규칙,고시,국방연구개발사업 출연금의 지급·사용 및 관리에 관한 고시,2021-9,20211123,17,3156
2100000277786,admrul,T4_행정규칙,고시,국방연구개발사업의 기획등 업무 지원기관 지정,2026-5,20260410,1,46
2100000281472,admrul,T4_행정규칙,훈령,국방전력발전업무훈령,3184,20260701,2768,520962
2100000225990,admrul,T4_행정규칙,훈령,국방전자조달시스템 관리규정,801,20230703,122,12906
2100000268078,admrul,T4_행정규칙,예규,국방전자조달시스템 이용에 관한 약관,1010,20251114,60,12403
2100000257928,admrul,T4_행정규칙,예규,국방전자조달시스템 전자계약 사무처리 지침,989,20250416,112,16259
2100000268018,admrul,T4_행정규칙,예규,국방전자조달시스템 전자입찰 특별유의서,1011,20251114,81,12376
2100000281474,admrul,T4_행정규칙,예규,국외 상업구매 업무지침 ,1062,20260629,626,124705
2100000233526,admrul,T4_행정규칙,예규,국외사업 현장감독관 선발 및 운영 지침,891,20231227,188,55130
2100000232906,admrul,T4_행정규칙,예규,국외조달 적격심사 기준,888,20231215,63,27971
2100000272786,admrul,T4_행정규칙,훈령,국제경쟁력강화 지원사업 운영규정,937,20260112,660,100204
2100000217901,admrul,T4_행정규칙,예규,국제계약 민간전문가 운영지침,851,20221230,149,46061
2100000251232,admrul,T4_행정규칙,훈령,국제계약지원단 운영규정,885,20241220,500,70947
2100000257954,admrul,T4_행정규칙,예규,국제운송 적격심사 기준,981,20250416,95,56774
2100000257964,admrul,T4_행정규칙,예규,군수품 감액업무 처리지침,986,20250416,77,41811
2100000244408,admrul,T4_행정규칙,훈령,군수품 관리 훈령,2942,20240709,798,173933
2100000182498,admrul,T4_행정규칙,훈령,군수품 선택계약 업무처리 규정,534,20190918,67,14404
2100000243520,admrul,T4_행정규칙,훈령,군수품 조달의 조달청 위탁에 관한 공동훈령,2940,20240630,172,35403
2100000282600,admrul,T4_행정규칙,훈령,군수품조달관리규정,974,20260715,1313,346302
2100000242194,admrul,T4_행정규칙,예규,군용총포·도검·화약류 안전관리 지원사업 운영규정,929,20240603,169,56311
2100000214045,admrul,T4_행정규칙,고시,군용총포·도검·화약류 운반허가에 관한 고시,2022-6,20220822,33,15730
2100000214044,admrul,T4_행정규칙,훈령,군용총포·도검·화약류 허가·감독에 관한 지침,746,20220822,79,11621
2100000191917,admrul,T4_행정규칙,훈령,군용항공기 비행안전성 인증에 관한 업무규정,619,20200811,459,168897
2100000253698,admrul,T4_행정규칙,훈령,군인 인사관리규정,891,20250114,558,98025
2100000239706,admrul,T4_행정규칙,훈령,기록물 관리 규정,847,20240422,209,91430
2100000257926,admrul,T4_행정규칙,예규,기성제도 운영지침,985,20250416,115,29864
2100000247152,admrul,T4_행정규칙,훈령,기술성숙도평가 및 제조성숙도평가 업무처리규정,869,20240912,85,22970
2100000201398,admrul,T4_행정규칙,예규,다파로 운영 규정,719,20210527,45,6276
2100000274632,admrul,T4_행정규칙,예규,목표가격 관리지침,1048,20260210,218,48675
2100000203233,admrul,T4_행정규칙,예규,무기체계 RAM 업무지침,726,20210723,308,45746
2100000233820,admrul,T4_행정규칙,예규,무기체계 디지털 트윈 활용 지침,893,20231228,156,33374
2100000275704,admrul,T4_행정규칙,훈령,무기체계 부품국산화개발 관리규정,961,20260311,934,257807
2100000274602,admrul,T4_행정규칙,훈령,무기체계 소프트웨어 개발 지원에 관한 규정,948,20260210,124,26004
2100000272176,admrul,T4_행정규칙,예규,무기체계 연구개발 표준협약서,1019,20260102,271,58856
2100000206394,admrul,T4_행정규칙,예규,무기체계 연구개발의 투자주체 선정 등에 관한 지침,755,20211123,118,16796
2100000282678,admrul,T4_행정규칙,예규,물품 제조·구매 계약특수조건 표준(일반 및 방산),1070,20260716,377,77691
2100000282656,admrul,T4_행정규칙,예규,물품 제조·구매 계약특수조건 표준(특정조달),1071,20260716,334,63160
2100000274618,admrul,T4_행정규칙,예규,미래도전국방기술 연구개발 업무처리지침,1040,20260210,253,51098
2100000216969,admrul,T4_행정규칙,예규,민·군규격 표준화 업무지침,829,20221219,157,18301
2100000251040,admrul,T4_행정규칙,훈령,방산 수출입 심사업무 훈령,884,20241218,363,78965
2100000270522,admrul,T4_행정규칙,훈령,방산 중소기업 수출지원사업 운영 규정,929,20251224,308,50133
2100000270524,admrul,T4_행정규칙,훈령,방산 중소기업 지원사업 운영을 위한 위원회 운영규정,930,20251224,83,16386
2100000252852,admrul,T4_행정규칙,고시,방산기술혁신펀드 운영규정,2024-9,20250101,127,14554
2100000212399,admrul,T4_행정규칙,예규,방산물자 감손율 산정지침,790,20220623,116,23925
10000097175,admrul,T4_행정규칙,대통령훈령,방산물자등의 정부간 판매에 관한 규정,00260,20091110,1,45
2100000203235,admrul,T4_행정규칙,예규,방산물자용 비축원자재 관리지침,728,20210723,137,18419
2100000260050,admrul,T4_행정규칙,예규,방산수출 자문단 운영지침,995,20250609,55,11698
2100000274622,admrul,T4_행정규칙,예규,방산수출 후속군수지원에 관한 지침,1042,20260210,69,15402
2100000274628,admrul,T4_행정규칙,예규,방산수출심의위원회 운영 지침,1043,20260210,74,9229
2100000269414,admrul,T4_행정규칙,예규,방산원가관리체계 인증제도 운영지침,1013,20251208,241,65705
2100000272968,admrul,T4_행정규칙,훈령,방산원가대상물자의 원가계산에 관한 시행세칙,939,20260114,360,71557
2100000272772,admrul,T4_행정규칙,고시,방산혁신기업 육성 지원사업 운영규정,2026-1,20260112,363,44486
2100000220762,admrul,T4_행정규칙,고시,방산혁신클러스터사업 공통 운영요령,2023-2,20230307,274,55117
2100000274588,admrul,T4_행정규칙,훈령,방산협력관 선발 및 관리규정,944,20260210,56,5115
2100000235076,admrul,T4_행정규칙,훈령,방산협력지원관 선발 및 운영에 관한 규정,832,20240112,155,20681
2100000257638,admrul,T4_행정규칙,훈령,방위력개선사업 예산운용규정,907,20250409,185,62863
2100000282592,admrul,T4_행정규칙,예규,방위력개선사업 협상에 의한 계약체결기준,1067,20260715,514,273474
2100000275470,admrul,T4_행정규칙,훈령,방위사업 감독규정,957,20260304,326,68109
2100000257924,admrul,T4_행정규칙,예규,방위사업 입찰질서 공정화에 관한 지침,984,20250416,75,14010
2100000265118,admrul,T4_행정규칙,훈령,방위사업 품질관리 규정,925,20251017,655,177265
2100000279376,admrul,T4_행정규칙,훈령,방위사업관리규정,969,20260518,1691,380472
2100000282654,admrul,T4_행정규칙,훈령,방위사업교육원 운영에 관한 규정,976,20260716,238,56290
2100000256988,admrul,T4_행정규칙,예규,방위사업기획·관리 실무위원회 운영규정,976,20250326,65,30473
2100000229140,admrul,T4_행정규칙,예규,방위사업법에 따른 과태료의 가중처분에 관한 세부 지침,880,20230906,5,1251
2100000236952,admrul,T4_행정규칙,훈령,방위사업에 관한 홍보 규정,834,20240229,257,52113
2100000282676,admrul,T4_행정규칙,훈령,방위사업청 계약심의위원회 운영 규정,975,20260716,106,45024
2100000275514,admrul,T4_행정규칙,예규,방위사업청 공무용 차량 관리지침,1051,20260305,78,6896
2100000196844,admrul,T4_행정규칙,예규,방위사업청 공무원 맞춤형 복지제도 운영지침,695,20210101,76,13518
2100000274606,admrul,T4_행정규칙,훈령,방위사업청 공무원 인사운영규정,951,20260210,395,119680
2100000239692,admrul,T4_행정규칙,훈령,방위사업청 공무원 제안 제도 운영 규정,840,20240424,105,22968
2100000247908,admrul,T4_행정규칙,훈령,방위사업청 공무원 행동강령,871,20241007,254,87862
2100000210108,admrul,T4_행정규칙,훈령,방위사업청 공무원의 부동산 신규취득 제한에 관한 지침,730,20220322,31,4151
2100000196063,admrul,T4_행정규칙,훈령,방위사업청 공무원의 주식거래 제한에 관한 지침,646,20201224,41,6272
2100000247910,admrul,T4_행정규칙,훈령,방위사업청 공직자의 이해충돌 방지제도 운영지침,872,20241007,96,142264
2100000182352,admrul,T4_행정규칙,훈령,방위사업청 기업민원 보호·서비스 헌장 운영규정,555,20190923,57,7971
2100000216972,admrul,T4_행정규칙,훈령,방위사업청 내 위원회의 투명한 운영에 관한 규정,766,20221219,87,31346
2100000257948,admrul,T4_행정규칙,훈령,방위사업청 노사협의회 운영규정,916,20250416,125,8568
2100000271364,admrul,T4_행정규칙,예규,방위사업청 당직근무 지침,1017,20260101,112,17576
2100000239694,admrul,T4_행정규칙,훈령,방위사업청 데이터 품질관리 규정,841,20240424,82,18133
2100000239752,admrul,T4_행정규칙,예규,방위사업청 도서관 운영 및 관리지침,909,20240424,94,7475
2100000236942,admrul,T4_행정규칙,고시,방위사업청 방위산업고도화지원과 소관 보조금사업 위임사무 고시,2024-1,20240227,11,998
2100000194194,admrul,T4_행정규칙,훈령,방위사업청 부정청탁 및 금품등 수수의 신고사무 처리지침,632,20201027,65,69954
2100000201147,admrul,T4_행정규칙,훈령,방위사업청 사전컨설팅 운영규정,666,20210517,51,12048
2100000274964,admrul,T4_행정규칙,훈령,방위사업청 산하 출연기관 업무감독 규정,956,20260220,82,11574
2100000271354,admrul,T4_행정규칙,훈령,방위사업청 소속기관의 하부조직 편성에 관한 규정,933,20260101,52,6880
2100000228308,admrul,T4_행정규칙,예규,방위사업청 소송비용 회수 사무처리 지침,879,20230822,31,4440
2100000240014,admrul,T4_행정규칙,예규,방위사업청 스토킹 예방 지침,911,20240429,120,22555
2100000191385,admrul,T4_행정규칙,예규,방위사업청 인사고충상담지침,669,20200724,46,4039
2100000244150,admrul,T4_행정규칙,훈령,방위사업청 정책자문위원회 규정,863,20240708,55,8164
2100000276000,admrul,T4_행정규칙,훈령,방위사업청 중앙사고수습본부의 구성 및 운영 등에 관한 규정,962,20260317,108,20184
2100000211680,admrul,T4_행정규칙,훈령,방위사업청 청렴 및 이해충돌방지 자문위원회 운영규정,732,20220525,57,11087
2100000274624,admrul,T4_행정규칙,훈령,방위사업청 청원심의회 운영규정,955,20260210,41,6409
2100000279028,admrul,T4_행정규칙,훈령,방위사업청 특별성과 포상금 제도 운영규정,968,20260511,66,20910
2100000206388,admrul,T4_행정규칙,훈령,방위사업청 회계관계공무원 재정보증 규정,701,20211123,24,2851
2100000191082,admrul,T4_행정규칙,훈령,방위사업청 후원명칭 사용승인에 관한 규정,617,20200716,36,8086
2100000275626,admrul,T4_행정규칙,훈령,방위사업청과 그 소속기관 위임전결 규정,958,20260309,99,89202
2100000249452,admrul,T4_행정규칙,고시,방위산업 공급망 안정화 선도사업자 운영규정,2024-8,20241115,140,19485
2100000202076,admrul,T4_행정규칙,고시,방위산업 국가정책사업 지정 등에 관한 고시,2021-5,20210617,22,5280
2100000206397,admrul,T4_행정규칙,고시,방위산업 실태조사 업무 위탁 고시,2021-10,20211123,4,371
2100000274486,admrul,T4_행정규칙,고시,방위산업 이차보전사업 운영규정,2026-1,20260209,352,138506
2100000273186,admrul,T4_행정규칙,훈령,방위산업 전문인력 양성지원 사업 운영규정,942,20260116,389,87697
2100000281134,admrul,T4_행정규칙,훈령,방위산업 진입을 위한 지원사업 공통운영규정,970,20260625,329,49572
2100000282594,admrul,T4_행정규칙,예규,방위산업관련 협회(단체) 또는 공제조합에 대한 주무관청 감독업무지침,1068,20260715,47,4564
2100000171533,admrul,T4_행정규칙,훈령,방위산업기술 보호 유공자 포상규정,469,20181128,62,21998
2100000211351,admrul,T4_행정규칙,예규,방위산업기술 보호법에 따른 과태료의 가중처분에 관한 세부지침,785,20220510,5,1257
2100000277864,admrul,T4_행정규칙,훈령,방위산업기술 보호지침,965,20260414,450,175486
2100000211681,admrul,T4_행정규칙,훈령,방위산업기술 보호체계 구축 지원사업 운영규정,733,20220526,134,18469
2100000224886,admrul,T4_행정규칙,고시,방위산업기술 지정 고시,2023-3,20230615,5,20211
10000096866,admrul,T4_행정규칙,대통령훈령,방위산업물자 등의 교역지원에 관한 규정,00258,20091019,1,43
2100000272962,admrul,T4_행정규칙,훈령,방위산업물자 및 방위산업체 지정 규정,940,20260115,184,51461
2100000217874,admrul,T4_행정규칙,훈령,방위산업에 관한 계약사무처리 시행세칙,780,20221230,49,26701
2100000257920,admrul,T4_행정규칙,훈령,방위산업에 관한 착수금 및 중도금 지급세칙,918,20250416,117,62866
2100000215282,admrul,T4_행정규칙,예규,방첩업무 규정,807,20221018,111,54058
2100000250532,admrul,T4_행정규칙,훈령,법무운영 규정,881,20241209,239,40930
2100000216850,admrul,T4_행정규칙,예규,보훈·복지단체 수의계약업무 처리지침,820,20221212,150,36864
2100000190001,admrul,T4_행정규칙,훈령,부정청구등 신고 처리 및 신고자 보호 등에 관한 규정,601,20200605,105,45186
2100000230938,admrul,T4_행정규칙,훈령,부패신고 처리 및 신고자 보호 등에 관한 규정,822,20231027,175,48637
2100000257830,admrul,T4_행정규칙,예규,분석평가업무 실무지침,978,20250415,657,110516
2100000274610,admrul,T4_행정규칙,훈령,상소자문단 운영규정,952,20260210,33,11986
2100000242234,admrul,T4_행정규칙,예규,상호운용성 관리지침,932,20240604,680,229057
2100000281998,admrul,T4_행정규칙,예규,선금지급조건,1066,20260707,92,22376
2100000280268,admrul,T4_행정규칙,예규,선행연구 수행지침,1060,20260701,108,14794
2100000217899,admrul,T4_행정규칙,예규,성과기반계약 운영지침,849,20221230,53,7543
2100000270544,admrul,T4_행정규칙,예규,소프트웨어 중심 무기체계 애자일(Agile) 개발 도입·운영 지침,1015,20251226,161,27821
2100000274620,admrul,T4_행정규칙,예규,신속시범사업 업무관리 지침,1041,20260210,322,44953
2100000198057,admrul,T4_행정규칙,예규,실태조사심의 위원회 운영규정,700,20210210,69,8052
2100000272234,admrul,T4_행정규칙,예규,업체 생산 및 정비능력 확인지침,1026,20260102,83,25802
2100000199739,admrul,T4_행정규칙,예규,역경매 업무처리지침,711,20210401,77,10531
2100000199738,admrul,T4_행정규칙,예규,역경매입찰 특별유의서,710,20210401,77,12293
2100000274562,admrul,T4_행정규칙,훈령,연구개발 장려금 지급규정,947,20260210,191,46469
2100000282596,admrul,T4_행정규칙,훈령,옴부즈만 제도 운영에 관한 규정,973,20260715,115,17130
2100000282660,admrul,T4_행정규칙,예규,외주정비 계약특수조건 표준,1073,20260716,380,75103
2100000282662,admrul,T4_행정규칙,예규,용역 계약특수조건 표준,1074,20260716,241,44747
2100000265054,admrul,T4_행정규칙,예규,용역 적격심사 기준,1006,20250929,92,67116
2100000218775,admrul,T4_행정규칙,예규,우주물체 제작 계약특수조건 표준,863,20230131,284,55055
2100000242462,admrul,T4_행정규칙,예규,원가계산 관리지침,933,20240612,197,30502
2100000274636,admrul,T4_행정규칙,예규,원가관리 자문단 구성 및 운영지침,1050,20260210,103,19424
2100000274634,admrul,T4_행정규칙,예규,원가회계심의위원회 운영 지침,1049,20260210,50,5332
2100000209595,admrul,T4_행정규칙,훈령,육아휴직 결원보충 활성화를 위한 방위사업청과 그 소속기관에 두는 별도정원 운영 규정,726,20220228,4,2679
2100000206390,admrul,T4_행정규칙,훈령,인력구조개편추진위원회 설치 및 운영에 관한 규정,703,20211123,31,2260
2100000282658,admrul,T4_행정규칙,예규,일반무기체계 연구개발 계약특수조건 표준,1072,20260716,385,74683
2100000281308,admrul,T4_행정규칙,훈령,자율기구 국방반도체인공지능과 설치 및 운영에 관한 규정,972,20260701,27,4559
2100000253156,admrul,T4_행정규칙,예규,잠수함 감항성 관리 세부지침,970,20250109,158,36301
2100000257790,admrul,T4_행정규칙,예규,잠수함 시운전 지침,979,20250415,314,68175
2100000265088,admrul,T4_행정규칙,예규,장비정비용역 적격심사 기준,1007,20250929,83,46402
2100000270104,admrul,T4_행정규칙,고시,전략물자수출입고시,2025-37,20251231,815,442700
2100000245274,admrul,T4_행정규칙,예규,전력화장비 후속지원 사업 업무지침,936,20240730,105,17732
2100000279026,admrul,T4_행정규칙,훈령,전력화지원요소 및 하도급계약 등의 원가계산에 관한 규정,967,20260511,152,23609
2100000257912,admrul,T4_행정규칙,훈령,전문연구기관 위촉 및 해지 규정,911,20250416,48,12392
2100000239708,admrul,T4_행정규칙,예규,전시 국외현지구매 지침,907,20240424,125,16187
2100000257958,admrul,T4_행정규칙,예규,전투근무지원정 적격심사 기준,982,20250416,81,40681
2100000206398,admrul,T4_행정규칙,고시,절충교역 획득자산의 기술료 및 대부료 징수요율에 관한 고시,2021-11,20211123,10,1059
2100000240228,admrul,T4_행정규칙,훈령,정책심의회의 운영 규정,848,20240430,48,16405
2100000280954,admrul,T4_행정규칙,예규,조달원 등록정보 관리지침,1061,20260701,132,61038
2100000274604,admrul,T4_행정규칙,훈령,조직·정원관리 및 파트리더 설치 운영규정,950,20260210,88,22614
2100000224694,admrul,T4_행정규칙,예규,주거지원 운영 및 관리지침,875,20230612,227,105620
2100000274630,admrul,T4_행정규칙,예규,지식재산권 관리지침,1046,20260210,94,27064
2100000233830,admrul,T4_행정규칙,예규,채권양도 업무지침,892,20231228,64,9815
2100000281918,admrul,T4_행정규칙,예규,첨단항공추진체계 개발사업 업무처리지침,1065,20260706,220,35456
2100000275384,admrul,T4_행정규칙,훈령,총수명주기관리업무훈령,3144,20260303,1315,291334
2100000270956,admrul,T4_행정규칙,훈령,패키지시설사업 관리규정,931,20251229,160,59168
2100000264396,admrul,T4_행정규칙,훈령,표준화 업무규정,923,20250916,967,298517
2100000281478,admrul,T4_행정규칙,예규,한도액계약 운영지침,1063,20260629,134,21731
2100000282680,admrul,T4_행정규칙,예규,함정건조 계약특수조건 표준(일반 및 방산),1075,20260716,528,111248
2100000279406,admrul,T4_행정규칙,예규,현존전력 성능 극대화 사업 업무지침,1059,20260518,184,49208
2100000197489,admrul,T4_행정규칙,훈령,회계관계공무원 등의 지정과 임면의 위임에 관한 규정,659,20210125,46,13698
2100000214251,admrul,T4_행정규칙,예규,회계업무 처리지침,802,20220826,149,36142
2100000274576,admrul,T4_행정규칙,훈령,회계처리 및 구분회계 기준에 관한 훈령,949,20260210,218,81812
2100000275698,admrul,T4_행정규칙,훈령,획득단계 수명주기관리규정,960,20260310,622,163410
